Years,Value
1895,26.69
1895.083333,26.6
1895.166667,39.97
1895.25,52.9
1895.333333,59.94
1895.416667,67.8
1895.5,71.24
1895.583333,71.62
1895.666667,65.57
1895.75,50.85
1895.833333,39.16
1895.916667,31.71
1896,31.48
1896.083333,35.04
1896.166667,38.03
1896.25,52.34
1896.333333,62.46
1896.416667,69.89
1896.5,73.69
1896.583333,72.27
1896.666667,62.94
1896.75,51.91
1896.833333,38.32
1896.916667,35.55
1897,28.17
1897.083333,33.39
1897.166667,38.79
1897.25,51.15
1897.333333,61.18
1897.416667,68.11
1897.5,73.36
1897.583333,71.35
1897.666667,66.4
1897.75,55.11
1897.833333,40.91
1897.916667,30.76
1898,30.67
1898.083333,35.37
1898.166667,41.05
1898.25,50.79
1898.333333,59.94
1898.416667,69.31
1898.5,73.29
1898.583333,72.75
1898.666667,65.46
1898.75,51.49
1898.833333,38.39
1898.916667,28.67
1899,29.68
1899.083333,25.5
1899.166667,37.63
1899.25,50.61
1899.333333,59.9
1899.416667,68.65
1899.5,73.08
1899.583333,71.74
1899.666667,64.8
1899.75,53.98
1899.833333,44.92
1899.916667,31.62
1900,34.11
1900.083333,30.76
1900.166667,41.27
1900.25,51.6
1900.333333,61.74
1900.416667,70.3
1900.5,73.13
1900.583333,72.86
1900.666667,65.14
1900.75,56.35
1900.833333,41.54
1900.916667,34.48
1901,31.62
1901.083333,29.86
1901.166667,40.71
1901.25,49.39
1901.333333,61.18
1901.416667,68.43
1901.5,76.24
1901.583333,73.2
1901.666667,63.25
1901.75,55.45
1901.833333,41.68
1901.916667,31.48
1902,30.06
1902.083333,31.46
1902.166667,41.58
1902.25,50.85
1902.333333,61.99
1902.416667,68.04
1902.5,72.05
1902.583333,71.37
1902.666667,62.76
1902.75,54.43
1902.833333,43.68
1902.916667,30.79
1903,30.88
1903.083333,28.42
1903.166667,42.21
1903.25,50.22
1903.333333,59.54
1903.416667,65.89
1903.5,71.92
1903.583333,70.97
1903.666667,62.73
1903.75,53.94
1903.833333,40.23
1903.916667,30.54
1904,27.55
1904.083333,31.59
1904.166667,41.76
1904.25,49.46
1904.333333,60.13
1904.416667,67.26
1904.5,71.35
1904.583333,70.72
1904.666667,64.96
1904.75,53.92
1904.833333,43.14
1904.916667,32.02
1905,27.1
1905.083333,26.94
1905.166667,45.12
1905.25,50.49
1905.333333,59.14
1905.416667,68
1905.5,71.98
1905.583333,72.37
1905.666667,65.95
1905.75,51.64
1905.833333,42.24
1905.916667,30.99
1906,32.88
1906.083333,33.69
1906.166667,36.1
1906.25,52.72
1906.333333,59.58
1906.416667,67.32
1906.5,72.36
1906.583333,71.85
1906.666667,66.25
1906.75,52.54
1906.833333,40.44
1906.916667,34.97
1907,30.69
1907.083333,35.46
1907.166667,45.7
1907.25,47.53
1907.333333,55.89
1907.416667,65.7
1907.5,72.52
1907.583333,70.79
1907.666667,64.22
1907.75,53.78
1907.833333,40.82
1907.916667,34.7
1908,32.45
1908.083333,33.01
1908.166667,43.92
1908.25,52.75
1908.333333,58.82
1908.416667,66.92
1908.5,73.18
1908.583333,70.68
1908.666667,65.59
1908.75,51.76
1908.833333,42.53
1908.916667,33.31
1909,32.31
1909.083333,35.02
1909.166667,40.35
1909.25,48.96
1909.333333,58.14
1909.416667,68.94
1909.5,72.63
1909.583333,72.93
1909.666667,64.4
1909.75,52.88
1909.833333,45.03
1909.916667,25.61
1910,29.61
1910.083333,29.3
1910.166667,49.44
1910.25,53.62
1910.333333,59.22
1910.416667,68.29
1910.5,74.12
1910.583333,71.11
1910.666667,65.68
1910.75,55.62
1910.833333,41.13
1910.916667,31.93
1911,32.9
1911.083333,33.66
1911.166667,44.02
1911.25,50
1911.333333,61.21
1911.416667,70.75
1911.5,72.68
1911.583333,70.9
1911.666667,66.09
1911.75,52.66
1911.833333,37.27
1911.916667,32.2
1912,24.76
1912.083333,31.08
1912.166667,35.76
1912.25,50.58
1912.333333,60.48
1912.416667,66.7
1912.5,72.25
1912.583333,70.12
1912.666667,62.73
1912.75,53.17
1912.833333,42.21
1912.916667,32.95
1913,30.47
1913.083333,29.5
1913.166667,38.71
1913.25,51.39
1913.333333,60.13
1913.416667,68.22
1913.5,73
1913.583333,73.36
1913.666667,63.64
1913.75,51.64
1913.833333,45.12
1913.916667,33.33
1914,34.5
1914.083333,29.52
1914.166667,40.75
1914.25,51.04
1914.333333,61.14
1914.416667,69.35
1914.5,74.08
1914.583333,71.69
1914.666667,64.58
1914.75,55.24
1914.833333,43.41
1914.916667,26.78
1915,28.44
1915.083333,35.94
1915.166667,36.95
1915.25,54.57
1915.333333,58.17
1915.416667,66.07
1915.5,71.01
1915.583333,70.16
1915.666667,64.42
1915.75,55.35
1915.833333,43.11
1915.916667,33.17
1916,28.22
1916.083333,33.03
1916.166667,42.15
1916.25,50.25
1916.333333,59.31
1916.416667,66.31
1916.5,74.28
1916.583333,71.82
1916.666667,63.5
1916.75,52.14
1916.833333,40.23
1916.916667,28.94
1917,28.27
1917.083333,30.09
1917.166667,38.35
1917.25,48.63
1917.333333,55.13
1917.416667,66.97
1917.5,74.61
1917.583333,71.02
1917.666667,64.09
1917.75,50.41
1917.833333,43.54
1917.916667,29.64
1918,23.86
1918.083333,33.82
1918.166667,45.75
1918.25,49.03
1918.333333,60.8
1918.416667,71.15
1918.5,72.45
1918.583333,72.5
1918.666667,61.92
1918.75,56.17
1918.833333,40.51
1918.916667,34.45
1919,31.82
1919.083333,32.25
1919.166667,40.89
1919.25,51.35
1919.333333,60.03
1919.416667,69.3
1919.5,74.35
1919.583333,72.27
1919.666667,65.64
1919.75,52.59
1919.833333,39.31
1919.916667,28.78
1920,29.23
1920.083333,33.69
1920.166667,40.28
1920.25,46.78
1920.333333,59.31
1920.416667,67.37
1920.5,72.7
1920.583333,70.63
1920.666667,65.44
1920.75,54.63
1920.833333,39.7
1920.916667,33.13
1921,34.36
1921.083333,36.9
1921.166667,46.63
1921.25,51.01
1921.333333,60.1
1921.416667,70.36
1921.5,74.66
1921.583333,72.03
1921.666667,66.54
1921.75,55.35
1921.833333,42.58
1921.916667,35.08
1922,26.8
1922.083333,31.95
1922.166667,40.42
1922.25,50.31
1922.333333,61.18
1922.416667,70.14
1922.5,73
1922.583333,72.81
1922.666667,67.28
1922.75,55.02
1922.833333,41.86
1922.916667,33.55
1923,34.59
1923.083333,29.57
1923.166667,38.3
1923.25,49.91
1923.333333,59.52
1923.416667,68.04
1923.5,73.76
1923.583333,71.11
1923.666667,65.07
1923.75,51.24
1923.833333,42.58
1923.916667,35.98
1924,26.26
1924.083333,35.19
1924.166667,37.18
1924.25,50.27
1924.333333,57.9
1924.416667,68.59
1924.5,71.89
1924.583333,72.07
1924.666667,62.74
1924.75,54.97
1924.833333,42.4
1924.916667,27.59
1925,29.08
1925.083333,38.3
1925.166667,44.24
1925.25,54.72
1925.333333,60.01
1925.416667,69.84
1925.5,74.14
1925.583333,71.4
1925.666667,66.67
1925.75,48.92
1925.833333,40.41
1925.916667,32.5
1926,30.31
1926.083333,37.67
1926.166667,39.65
1926.25,50.04
1926.333333,61.02
1926.416667,68.2
1926.5,73.36
1926.583333,72.34
1926.666667,64.11
1926.75,54.95
1926.833333,40.46
1926.916667,31.33
1927,31.55
1927.083333,37.9
1927.166667,42.26
1927.25,51.58
1927.333333,59.76
1927.416667,67.21
1927.5,72.68
1927.583333,69.37
1927.666667,64.98
1927.75,55.9
1927.833333,44.35
1927.916667,28.22
1928,31.98
1928.083333,34.34
1928.166667,43.12
1928.25,48.06
1928.333333,61.52
1928.416667,65.91
1928.5,73.4
1928.583333,71.82
1928.666667,63.27
1928.75,55.08
1928.833333,41.58
1928.916667,32.94
1929,26.31
1929.083333,26.92
1929.166667,43.56
1929.25,51.17
1929.333333,58.86
1929.416667,67.5
1929.5,73.6
1929.583333,72.63
1929.666667,63.41
1929.75,53.92
1929.833333,38.41
1929.916667,33.96
1930,23.54
1930.083333,40.1
1930.166667,40.41
1930.25,54.41
1930.333333,59.23
1930.416667,68.41
1930.5,75.04
1930.583333,72.9
1930.666667,65.75
1930.75,51.69
1930.833333,41.09
1930.916667,31.17
1931,32.99
1931.083333,37.94
1931.166667,39.42
1931.25,51.06
1931.333333,59.43
1931.416667,70.7
1931.5,75.81
1931.583333,71.96
1931.666667,68.13
1931.75,56.57
1931.833333,43.38
1931.916667,35.06
1932,31.55
1932.083333,36.7
1932.166667,37.36
1932.25,51.6
1932.333333,60.51
1932.416667,69.24
1932.5,74.1
1932.583333,72.57
1932.666667,64.69
1932.75,52.32
1932.833333,40.75
1932.916667,29.41
1933,34.3
1933.083333,29.59
1933.166667,41.83
1933.25,49.84
1933.333333,59.83
1933.416667,71.56
1933.5,75.13
1933.583333,71.92
1933.666667,67.73
1933.75,55.2
1933.833333,42.53
1933.916667,36.43
1934,35.08
1934.083333,34.32
1934.166667,42.78
1934.25,53.74
1934.333333,64.71
1934.416667,70.68
1934.5,76.37
1934.583333,73.53
1934.666667,63.84
1934.75,56.52
1934.833333,45.01
1934.916667,32.67
1935,31.51
1935.083333,36.01
1935.166667,43.61
1935.25,49.71
1935.333333,57.33
1935.416667,67.64
1935.5,75.13
1935.583333,72.99
1935.666667,64.8
1935.75,53.8
1935.833333,39.49
1935.916667,30.74
1936,27.36
1936.083333,25.23
1936.166667,43.43
1936.25,50.22
1936.333333,63.46
1936.416667,70.61
1936.5,76.8
1936.583333,74.59
1936.666667,66.36
1936.75,53.49
1936.833333,39.81
1936.916667,34.47
1937,24.84
1937.083333,31.73
1937.166667,38.84
1937.25,50.11
1937.333333,61.93
1937.416667,68.79
1937.5,74.59
1937.583333,74.66
1937.666667,65.7
1937.75,53.89
1937.833333,40.82
1937.916667,32.7
1938,32.14
1938.083333,36
1938.166667,45.01
1938.25,51.73
1938.333333,59.85
1938.416667,68.77
1938.5,73.78
1938.583333,73.72
1938.666667,66.63
1938.75,56.41
1938.833333,39.94
1938.916667,34.21
1939,33.91
1939.083333,29.98
1939.166667,42.51
1939.25,51.53
1939.333333,62.71
1939.416667,68.86
1939.5,74.88
1939.583333,72.64
1939.666667,67.37
1939.75,54.72
1939.833333,42.3
1939.916667,37.72
1940,23.83
1940.083333,33.85
1940.166667,41.52
1940.25,50.23
1940.333333,60.85
1940.416667,69.6
1940.5,74.14
1940.583333,72.14
1940.666667,65.35
1940.75,56.08
1940.833333,39
1940.916667,36.05
1941,32.2
1941.083333,33.53
1941.166667,39.2
1941.25,52.02
1941.333333,62.33
1941.416667,67.8
1941.5,73.98
1941.583333,72.07
1941.666667,64.53
1941.75,55.2
1941.833333,42.91
1941.916667,36.12
1942,29.84
1942.083333,30.74
1942.166667,41.31
1942.25,53.06
1942.333333,59.09
1942.416667,67.91
1942.5,73.96
1942.583333,71.78
1942.666667,63.66
1942.75,54.57
1942.833333,43.16
1942.916667,32.97
1943,29.41
1943.083333,36.28
1943.166667,38.5
1943.25,52.88
1943.333333,59.72
1943.416667,68.77
1943.5,74.26
1943.583333,73.45
1943.666667,64.33
1943.75,53.69
1943.833333,40.91
1943.916667,32.59
1944,32.02
1944.083333,34.5
1944.166667,38.5
1944.25,48.97
1944.333333,62.02
1944.416667,68.36
1944.5,72.79
1944.583333,72.1
1944.666667,65.26
1944.75,55.27
1944.833333,41.5
1944.916667,30.67
1945,30.49
1945.083333,35.28
1945.166667,45.54
1945.25,50.22
1945.333333,58.28
1945.416667,65.88
1945.5,72.93
1945.583333,72.16
1945.666667,64.99
1945.75,54.14
1945.833333,42.01
1945.916667,29.08
1946,31.39
1946.083333,34.88
1946.166667,46.78
1946.25,54.61
1946.333333,58.75
1946.416667,68.32
1946.5,73.85
1946.583333,71.17
1946.666667,64.54
1946.75,53.15
1946.833333,41.74
1946.916667,36.18
1947,31.78
1947.083333,31.41
1947.166667,38.75
1947.25,50.95
1947.333333,60.13
1947.416667,66.72
1947.5,72.81
1947.583333,74.08
1947.666667,66.54
1947.75,58.8
1947.833333,38.1
1947.916667,32.92
1948,27.88
1948.083333,31.62
1948.166667,38.71
1948.25,53.35
1948.333333,60.24
1948.416667,68.76
1948.5,73.26
1948.583333,72.05
1948.666667,66.07
1948.75,53.19
1948.833333,41.59
1948.916667,32.58
1949,25.92
1949.083333,31.91
1949.166667,40.77
1949.25,52.07
1949.333333,61.72
1949.416667,69.24
1949.5,74.21
1949.583333,72.1
1949.666667,63.73
1949.75,54.05
1949.833333,45.27
1949.916667,33.26
1950,30.43
1950.083333,35.55
1950.166667,38.84
1950.25,48.65
1950.333333,59.45
1950.416667,67.93
1950.5,71.22
1950.583333,70.02
1950.666667,63.5
1950.75,57.47
1950.833333,40.64
1950.916667,33.01
1951,30.2
1951.083333,34.54
1951.166667,38.55
1951.25,49.73
1951.333333,60.76
1951.416667,66.65
1951.5,73.69
1951.583333,71.89
1951.666667,64.09
1951.75,54
1951.833333,38.08
1951.916667,31.23
1952,32
1952.083333,35.46
1952.166667,37.69
1952.25,51.66
1952.333333,60.58
1952.416667,70.75
1952.5,74.1
1952.583333,72.82
1952.666667,65.89
1952.75,52.95
1952.833333,39.92
1952.916667,33.44
1953,36.43
1953.083333,35.87
1953.166667,43.75
1953.25,48.76
1953.333333,59.18
1953.416667,70.18
1953.5,74.17
1953.583333,72.1
1953.666667,66.16
1953.75,56.21
1953.833333,43.88
1953.916667,33.69
1954,30.9
1954.083333,41.41
1954.166667,39.25
1954.25,54.18
1954.333333,58.59
1954.416667,68.85
1954.5,75.47
1954.583333,72.18
1954.666667,66.45
1954.75,54.68
1954.833333,44.06
1954.916667,33.91
1955,29.35
1955.083333,31.05
1955.166667,40.06
1955.25,52.86
1955.333333,61.29
1955.416667,66.54
1955.5,74.44
1955.583333,73.87
1955.666667,65.88
1955.75,55.04
1955.833333,38.23
1955.916667,31.71
1956,31.01
1956.083333,32.27
1956.166667,40.75
1956.25,49.37
1956.333333,61.77
1956.416667,70.36
1956.5,73.06
1956.583333,71.69
1956.666667,65.1
1956.75,56.16
1956.833333,40.32
1956.916667,36.23
1957,27.07
1957.083333,38.07
1957.166667,41.27
1957.25,50.7
1957.333333,59.65
1957.416667,68.7
1957.5,74.28
1957.583333,71.65
1957.666667,64.18
1957.75,51.67
1957.833333,40.26
1957.916667,37
1958,31.6
1958.083333,31.98
1958.166667,37.67
1958.25,50.27
1958.333333,62.42
1958.416667,67.93
1958.5,72.63
1958.583333,73.29
1958.666667,65.43
1958.75,54.73
1958.833333,43.02
1958.916667,32.22
1959,29.5
1959.083333,32.49
1959.166667,41.45
1959.25,51.6
1959.333333,60.84
1959.416667,69.96
1959.5,73.58
1959.583333,73.17
1959.666667,64.74
1959.75,53.33
1959.833333,38.66
1959.916667,35.94
1960,29.46
1960.083333,30.52
1960.166667,35.91
1960.25,52.59
1960.333333,59.31
1960.416667,69.08
1960.5,73.89
1960.583333,72.21
1960.666667,66.45
1960.75,54.77
1960.833333,42.73
1960.916667,30.4
1961,29.71
1961.083333,37.42
1961.166667,43.47
1961.25,48.67
1961.333333,58.87
1961.416667,69.49
1961.5,73.24
1961.583333,72.7
1961.666667,63.41
1961.75,53.85
1961.833333,40.5
1961.916667,31.08
1962,26.96
1962.083333,34.92
1962.166667,37.9
1962.25,51.84
1962.333333,62.24
1962.416667,67.91
1962.5,72.07
1962.583333,72.12
1962.666667,64.18
1962.75,56.12
1962.833333,43.18
1962.916667,33.4
1963,24.44
1963.083333,34.12
1963.166667,43.72
1963.25,51.89
1963.333333,61.02
1963.416667,68.67
1963.5,73.6
1963.583333,71.98
1963.666667,66.34
1963.75,59.36
1963.833333,44.04
1963.916667,27.9
1964,31.53
1964.083333,31.77
1964.166667,38.82
1964.25,51.3
1964.333333,61.43
1964.416667,68
1964.5,74.66
1964.583333,70.72
1964.666667,63.7
1964.75,53.78
1964.833333,42.33
1964.916667,32.04
1965,31.8
1965.083333,32.52
1965.166667,35.44
1965.25,51.89
1965.333333,60.8
1965.416667,66.85
1965.5,72.61
1965.583333,71.06
1965.666667,61.77
1965.75,54.99
1965.833333,44.65
1965.916667,35.85
1966,26.38
1966.083333,31.24
1966.166667,43
1966.25,49.96
1966.333333,60.19
1966.416667,67.93
1966.5,75.07
1966.583333,70.86
1966.666667,64.54
1966.75,52.83
1966.833333,43.21
1966.916667,32.68
1967,33.1
1967.083333,32.88
1967.166667,43.63
1967.25,51.01
1967.333333,57.63
1967.416667,67.55
1967.5,72.52
1967.583333,71.22
1967.666667,64.06
1967.75,53.92
1967.833333,41.54
1967.916667,32.07
1968,28.94
1968.083333,32.92
1968.166667,43.56
1968.25,50.58
1968.333333,58.17
1968.416667,68.5
1968.5,72.86
1968.583333,70.59
1968.666667,63.9
1968.75,54.64
1968.833333,41.14
1968.916667,30.04
1969,29.37
1969.083333,32.81
1969.166667,36.03
1969.25,52.63
1969.333333,61.41
1969.416667,66.83
1969.5,74.1
1969.583333,73.22
1969.666667,65.55
1969.75,51.03
1969.833333,41.59
1969.916667,33.46
1970,27.14
1970.083333,35.35
1970.166667,38.5
1970.25,49.44
1970.333333,61.07
1970.416667,68.74
1970.5,73.96
1970.583333,73.38
1970.666667,64.58
1970.75,52.27
1970.833333,41.31
1970.916667,33.58
1971,29.41
1971.083333,33.48
1971.166667,39.65
1971.25,50.27
1971.333333,58.26
1971.416667,69.44
1971.5,72.36
1971.583333,72.01
1971.666667,64.33
1971.75,55.08
1971.833333,41.61
1971.916667,33.98
1972,29.93
1972.083333,33.55
1972.166667,44.04
1972.25,50.81
1972.333333,60.53
1972.416667,68.22
1972.5,72.18
1972.583333,71.67
1972.666667,64.44
1972.75,52.29
1972.833333,38.93
1972.916667,29.86
1973,29.59
1973.083333,33.58
1973.166667,44.29
1973.25,48.83
1973.333333,59.23
1973.416667,68.95
1973.5,73.26
1973.583333,72.61
1973.666667,64.4
1973.75,56.07
1973.833333,42.93
1973.916667,33.71
1974,31.01
1974.083333,34.74
1974.166667,44.38
1974.25,51.55
1974.333333,60.37
1974.416667,68.49
1974.5,74.08
1974.583333,70.3
1974.666667,62.31
1974.75,53.89
1974.833333,42.39
1974.916667,33.66
1975,32.34
1975.083333,32.76
1975.166667,38.7
1975.25,46.85
1975.333333,60.35
1975.416667,67.51
1975.5,73.56
1975.583333,71.53
1975.666667,62.89
1975.75,54.63
1975.833333,42.6
1975.916667,34.29
1976,29.93
1976.083333,39.56
1976.166667,42.31
1976.25,51.85
1976.333333,59.04
1976.416667,67.8
1976.5,72.9
1976.583333,70.66
1976.666667,64.18
1976.75,50
1976.833333,38.48
1976.916667,30.92
1977,23.09
1977.083333,36.03
1977.166667,43.18
1977.25,54.07
1977.333333,61.66
1977.416667,70.34
1977.5,74.43
1977.583333,71.78
1977.666667,65.93
1977.75,53.98
1977.833333,42.87
1977.916667,33.28
1978,25.86
1978.083333,27.99
1978.166667,41.31
1978.25,51.58
1978.333333,59.74
1978.416667,68.94
1978.5,73.8
1978.583333,71.8
1978.666667,65.84
1978.75,54.41
1978.833333,41.47
1978.916667,29.8
1979,21.9
1979.083333,28.13
1979.166667,42.06
1979.25,50.14
1979.333333,59.13
1979.416667,67.82
1979.5,73.13
1979.583333,70.97
1979.666667,66.09
1979.75,55.26
1979.833333,39.94
1979.916667,36.03
1980,31.12
1980.083333,32.85
1980.166667,39.36
1980.25,51.44
1980.333333,60.28
1980.416667,68.74
1980.5,75.76
1980.583333,72.79
1980.666667,66.24
1980.75,52.59
1980.833333,42.31
1980.916667,35.19
1981,32.41
1981.083333,36.59
1981.166667,42.85
1981.25,55.13
1981.333333,58.96
1981.416667,69.82
1981.5,73.96
1981.583333,72.1
1981.666667,64.92
1981.75,52.32
1981.833333,44.74
1981.916667,33.66
1982,26.22
1982.083333,32.59
1982.166667,42.03
1982.25,48.63
1982.333333,60.8
1982.416667,66.33
1982.5,73.2
1982.583333,72.09
1982.666667,64.04
1982.75,53.26
1982.833333,41.13
1982.916667,35.82
1983,33.12
1983.083333,36.86
1983.166667,42.4
1983.25,47.01
1983.333333,57.94
1983.416667,67.1
1983.5,73.99
1983.583333,75.06
1983.666667,65.59
1983.75,55
1983.833333,43.03
1983.916667,25.47
1984,28.83
1984.083333,37.38
1984.166667,40.08
1984.25,49.6
1984.333333,60.08
1984.416667,68.61
1984.5,73.17
1984.583333,73.13
1984.666667,63.14
1984.75,53.6
1984.833333,41.54
1984.916667,34.54
1985,26.31
1985.083333,30.87
1985.166667,43.48
1985.25,54.36
1985.333333,62.08
1985.416667,68.11
1985.5,74.05
1985.583333,71.02
1985.666667,62.73
1985.75,54.3
1985.833333,39.51
1985.916667,28.81
1986,34.68
1986.083333,35.85
1986.166667,46.18
1986.25,52.86
1986.333333,61.09
1986.416667,70.41
1986.5,73.51
1986.583333,71.73
1986.666667,63.7
1986.75,54.01
1986.833333,41.4
1986.916667,34.43
1987,31.44
1987.083333,37.38
1987.166667,42.57
1987.25,53.53
1987.333333,62.96
1987.416667,70.25
1987.5,73.27
1987.583333,71.87
1987.666667,65.25
1987.75,52.95
1987.833333,43.97
1987.916667,34.54
1988,27.79
1988.083333,33.69
1988.166667,42.4
1988.25,51.82
1988.333333,61.21
1988.416667,70.88
1988.5,74.79
1988.583333,73.67
1988.666667,64.6
1988.75,53.96
1988.833333,43.29
1988.916667,33.46
1989,34.09
1989.083333,29.17
1989.166667,42.67
1989.25,52.88
1989.333333,60.46
1989.416667,68.13
1989.5,74.23
1989.583333,71.31
1989.666667,64.08
1989.75,54.34
1989.833333,42.93
1989.916667,27.73
1990,36.5
1990.083333,36.7
1990.166667,44.74
1990.25,52.52
1990.333333,58.86
1990.416667,70.23
1990.5,73.26
1990.583333,72.28
1990.666667,67.35
1990.75,53.98
1990.833333,44.92
1990.916667,30.83
1991,29.48
1991.083333,39.81
1991.166667,43.32
1991.25,52.54
1991.333333,61.97
1991.416667,69.08
1991.5,73.89
1991.583333,72.99
1991.666667,64.9
1991.75,54.75
1991.833333,39.43
1991.916667,35.74
1992,33.62
1992.083333,39.7
1992.166667,44.71
1992.25,52.54
1992.333333,61.16
1992.416667,67.44
1992.5,71.22
1992.583333,69.84
1992.666667,64.67
1992.75,54.54
1992.833333,40.06
1992.916667,31.75
1993,30.47
1993.083333,31.14
1993.166667,41.79
1993.25,49.91
1993.333333,60.89
1993.416667,67.21
1993.5,72.16
1993.583333,71.89
1993.666667,63.3
1993.75,52.97
1993.833333,39.22
1993.916667,34.2
1994,29.34
1994.083333,31.87
1994.166667,44.51
1994.25,52.66
1994.333333,60.67
1994.416667,70.95
1994.5,73.62
1994.583333,72.21
1994.666667,65.55
1994.75,54.21
1994.833333,42.57
1994.916667,36.23
1995,33.08
1995.083333,37.36
1995.166667,43.34
1995.25,49.41
1995.333333,58.64
1995.416667,67.55
1995.5,73.54
1995.583333,74.32
1995.666667,64.69
1995.75,54.45
1995.833333,42.04
1995.916667,33.42
1996,29.7
1996.083333,35.69
1996.166667,39.02
1996.25,50.65
1996.333333,60.98
1996.416667,69.87
1996.5,73.63
1996.583333,72.43
1996.666667,63.46
1996.75,53.65
1996.833333,39.63
1996.916667,33.91
1997,29.95
1997.083333,36.05
1997.166667,44.67
1997.25,47.91
1997.333333,59.4
1997.416667,68.31
1997.5,73.18
1997.583333,71.74
1997.666667,66.42
1997.75,53.92
1997.833333,40.87
1997.916667,34
1998,34.99
1998.083333,38.71
1998.166667,41.34
1998.25,51.06
1998.333333,62.47
1998.416667,68.13
1998.5,75.49
1998.583333,74.03
1998.666667,68.99
1998.75,55.13
1998.833333,44.91
1998.916667,35.55
1999,33.78
1999.083333,39.49
1999.166667,42.8
1999.25,51.55
1999.333333,60.06
1999.416667,68.31
1999.5,74.3
1999.583333,72.91
1999.666667,64.35
1999.75,54.75
1999.833333,48.11
1999.916667,36.1
2000,33.57
2000.083333,39.78
2000.166667,46.04
2000.25,52.59
2000.333333,63.14
2000.416667,69.03
2000.5,73.87
2000.583333,74.05
2000.666667,65.57
2000.75,55.09
2000.833333,38.03
2000.916667,28.44
2001,31.35
2001.083333,33.98
2001.166667,41.49
2001.25,53.08
2001.333333,62.82
2001.416667,69.24
2001.5,74.48
2001.583333,74.3
2001.666667,65.7
2001.75,54.37
2001.833333,47.41
2001.916667,36.12
2002,34.48
2002.083333,36.39
2002.166667,39.54
2002.25,53.49
2002.333333,59.29
2002.416667,70.86
2002.5,75.85
2002.583333,72.86
2002.666667,66.85
2002.75,51.84
2002.833333,41.97
2002.916667,35.08
2003,32.81
2003.083333,32.79
2003.166667,43.3
2003.25,51.89
2003.333333,60.98
2003.416667,68.05
2003.5,75.47
2003.583333,74.66
2003.666667,64.96
2003.75,56.55
2003.833333,42.35
2003.916667,35.29
2004,30.34
2004.083333,33.57
2004.166667,47.41
2004.25,52.68
2004.333333,61.92
2004.416667,68.09
2004.5,72.9
2004.583333,70.16
2004.666667,65.66
2004.75,55.36
2004.833333,43.99
2004.916667,35.06
2005,33.39
2005.083333,37.94
2005.166667,42.31
2005.25,52.27
2005.333333,59.56
2005.416667,69.21
2005.5,75.31
2005.583333,73.2
2005.666667,67.37
2005.75,55.38
2005.833333,45.01
2005.916667,32.7
2006,38.93
2006.083333,34.83
2006.166667,42.62
2006.25,55.26
2006.333333,62.28
2006.416667,70.75
2006.5,76.41
2006.583333,73.4
2006.666667,63.3
2006.75,52.59
2006.833333,44.08
2006.916667,36.57
2007,31.35
2007.083333,32.41
2007.166667,47.66
2007.25,50.54
2007.333333,62.33
2007.416667,69.87
2007.5,74.7
2007.583333,74.64
2007.666667,66.43
2007.75,56.68
2007.833333,44.01
2007.916667,33.22
2008,30.27
2008.083333,34.7
2008.166667,41.86
2008.25,50.4
2008.333333,59.36
2008.416667,69.6
2008.5,74.08
2008.583333,72.28
2008.666667,65.21
2008.75,53.98
2008.833333,43.92
2008.916667,31.87
2009,31.05
2009.083333,36.77
2009.166667,42.87
2009.25,50.92
2009.333333,61.65
2009.416667,68.54
2009.5,72.63
2009.583333,71.89
2009.666667,66.38
2009.75,50.5
2009.833333,45.84
2009.916667,29.64
2010,30.67
2010.083333,31.8
2010.166667,43.57
2010.25,53.24
2010.333333,59.88
2010.416667,70.48
2010.5,74.71
2010.583333,74.05
2010.666667,66.49
2010.75,56.14
2010.833333,42.31
2010.916667,32.47
2011,29.71
2011.083333,33.04
2011.166667,43.07
2011.25,51.96
2011.333333,59.13
2011.416667,69.82
2011.5,76.14
2011.583333,75
2011.666667,66.09
2011.75,55.09
2011.833333,43.75
2011.916667,35.4
2012,36.12
2012.083333,37.51
2012.166667,50.41
2012.25,54.68
2012.333333,63.45
2012.416667,70.54
2012.5,76.77
2012.583333,73.8
2012.666667,66.31
2012.75,53.89
2012.833333,44.01
2012.916667,35.92
2013,32.25
2013.083333,34.77
2013.166667,40.91
2013.25,49.68
2013.333333,60.85
2013.416667,70.39
2013.5,74.21
2013.583333,72.99
2013.666667,66.96
2013.75,53.44
2013.833333,41.61
2013.916667,31.06
2014,30.56
2014.083333,32.13
2014.166667,40.51
2014.25,51.69
2014.333333,61.27
2014.416667,69.58
2014.5,73.29
2014.583333,72.25
2014.666667,66.2
2014.75,56.93
2014.833333,39.25
2014.916667,36.81
2015,33.08
2015.083333,32.99
2015.166667,45.39
2015.25,53.24
2015.333333,60.84
2015.416667,71.37
2015.5,73.92
2015.583333,72.95
2015.666667,68.54
2015.75,57.24
2015.833333,44.6
2015.916667,38.66
2016,32.22
2016.083333,39.47
2016.166667,47.5
2016.25,53.19
2016.333333,60.33
2016.416667,71.76
2016.5,75.22
2016.583333,73.53
2016.666667,67.12
2016.75,57.72
2016.833333,47.97
2016.916667,32.95
2017,33.57
2017.083333,41.18
2017.166667,46.15
2017.25,53.8
2017.333333,60.57
2017.416667,70.36
2017.5,75.7
2017.583333,72.01
2017.666667,66.27
2017.75,55.69
2017.833333,45.03
2017.916667,34.29
2018,32.16
2018.083333,35.51
2018.166667,42.73
2018.25,49.03
2018.333333,65.52
2018.416667,71.55
2018.5,75.45
2018.583333,73.51
2018.666667,67.53
2018.75,53.71
2018.833333,40.01
2018.916667,35.51
2019,32.56
2019.083333,31.84
2019.166667,40.28
2019.25,52.84
2019.333333,59.49
2019.416667,68.72
2019.5,74.62
2019.583333,73.74
2019.666667,68.43
2019.75,52.05
2019.833333,41.11
2019.916667,36.43
2020,35.55
2020.083333,36.18
2020.166667,46.08
2020.25,50.88
2020.333333,60.91
2020.416667,70.29
2020.5,75.65
2020.583333,74.71
2020.666667,65.91
2020.75,54.28
2020.833333,46.31
2020.916667,35.71
2021,34.59
2021.083333,30.61
2021.166667,45.52
2021.25,51.87
2021.333333,60.35
2021.416667,72.59
2021.5,75.42
2021.583333,73.98
2021.666667,67.8
2021.75,56.97
2021.833333,45.07
2021.916667,39.34
2022,31.17
2022.083333,33.67
2022.166667,44.08
2022.25,50.65
2022.333333,61.9
2022.416667,70.81
2022.5,76.41
2022.583333,74.57
2022.666667,68.02
2022.75,55.24
2022.833333,40.89
2022.916667,33.06
2023,35.15
2023.083333,36.46
2023.166667,40.64
2023.25,51.35
2023.333333,62.4
2023.416667,69.01
2023.5,75.67
2023.583333,74.37
2023.666667,67.77
